{"count":1,"self":129.8857984,"total":248.459342,"children":{"AgentResetIfDone":{"count":238584,"self":5.4830432,"total":5.4830429999999994,"children":null},"AgentSendState":{"count":238584,"self":5.3545168,"total":5.8535699999999995,"children":{"CollectObservations":{"count":23859,"self":0.49905299999999997,"total":0.49905299999999997,"children":null}}},"DecideAction":{"count":238584,"self":96.6512128,"total":97.549718,"children":{"AgentInfo.ToProto":{"count":23859,"self":0.898505,"total":0.898505,"children":null}}},"AcademyStep":{"count":238584,"self":4.344296,"total":4.344296,"children":null},"AgentAct":{"count":238584,"self":5.3415219999999994,"total":5.3415219999999994,"children":null}}}